source_index,question
0000,"สำนักงานสรรพากรภาค หารือ กรณีการขอคืนภาษีมูลค่าเพิ่มจากการนำภาษีซื้อที่เกี่ยวข้องกับรายได้ที่เกิดขึ้นในต่างประเทศมาหักในการคำนวณภาษีมูลค่าเพิ่ม มีข้อเท็จจริงสรุปได้ คือบริษัทฯ เป็นผู้ประกอบการจดทะเบียนภาษีมูลค่าเพิ่ม ประกอบกิจการส่งออกผ้า ได้แก่ ผ้าพิมพ์ ผ้าย้อม ไปยังต่างประเทศ โดยผ่านพิธีการศุลกากร ได้รับสิทธิเสียภาษีมูลค่าเพิ่มในอัตราร้อยละ 0 ซึ่งการส่งออกผ้าดังกล่าวมี 2 ลักษณะ ดังนี้
          (1) ผ้าที่ส่งออกเพื่อขายให้แก่ลูกค้าในต่างประเทศโดยตรง บริษัทฯ ได้ยื่นแบบแสดงรายการภาษีมูลค่าเพิ่ม (ภ.พ.30) ไว้เป็นยอดขายที่เสียภาษีมูลค่าเพิ่มในอัตราร้อยละ 0
          (2) ผ้าที่ส่งออกเพื่อเป็นวัตถุดิบให้บริษัทในประเทศจีนผลิตหรือตัดเย็บเป็นเสื้อสำเร็จรูป และเมื่อบริษัทในประเทศจีนได้ผลิตเสร็จ บริษัทฯ จะจัดส่งสินค้าดังกล่าวไปยังลูกค้าของบริษัทฯ ในอีกประเทศหนึ่ง (ปานามา) โดยระบุผู้ส่งออกในใบตราส่งสินค้า (Bill of lading) เป็นชื่อของบริษัทฯ ซึ่งการขายเสื้อสำเร็จรูปของบริษัทฯ โดยการส่งจากประเทศจีนไปยังลูกค้าของบริษัทฯ อีกประเทศหนึ่งนั้น บริษัทฯ เข้าใจว่าการขายเช่นว่านี้ เป็นการขายนอกราชอาณาจักรที่ไม่อยู่ในบังคับต้องเสียภาษีมูลค่าเพิ่ม (Out of VAT Scope) และบริษัทฯ ไม่ได้นำยอดขายเสื้อสำเร็จรูปมาเป็นยอดขายที่เสียภาษีมูลค่าเพิ่มในอัตราร้อยละ 0 ในแบบ ภ.พ.30 ทั้งนี้ กรณีที่บริษัทฯ ส่งออกผ้าเพื่อให้บริษัทในประเทศจีนผลิตหรือตัดเย็บเป็นเสื้อสำเร็จรูป ดังที่กล่าวข้างต้น บริษัทฯ ได้ยื่นยอดขายที่เสียภาษีมูลค่าเพิ่มในอัตราร้อยละ 0 ในแบบ ภ.พ.30อย่างไรก็ตาม จากการที่บริษัทฯ ส่งออกผ้าไปขายกรณีตาม (1) และการขายเสื้อสำเร็จรูปกรณีตาม (2) บริษัทฯ ได้รับรู้รายได้เป็นรายได้จากการขายสินค้าและนำมารวมคำนวณกำไรสุทธิตามเกณฑ์สิทธิเพื่อเสียภาษีเงินได้นิติบุคคล ตามมาตรา 65 แห่งประมวลรัษฎากรแล้วบริษัทฯ จึง หารือว่า กรณีบริษัทฯ ส่งออกวัตถุดิบ (ผ้า) ซึ่งได้ผ่านพิธีการศุลกากรเพื่อให้บริษัทในประเทศจีนผลิตหรือตัดเย็บเป็นเสื้อสำเร็จรูป ถือว่าบริษัทฯ เป็นผู้ส่งออกได้รับสิทธิเสียภาษีมูลค่าเพิ่มในอัตราร้อยละ 0
          ตามมาตรา 80/1 แห่งประมวลรัษฎากรหรือไม่ และภาษีซื้อจากการซื้อวัตถุดิบ (ผ้าชนิดต่าง ๆ) รวมทั้งภาษีซื้อจากค่าใช้จ่ายต่าง ๆ ในการส่งออกวัตถุดิบนั้น บริษัทฯ มีสิทธินำมาหักออกจากภาษีขายในการคำนวณภาษีมูลค่าเพิ่ม ตามมาตรา 82/3 แห่งประมวลรัษฎากรได้ใช่หรือไม่"
0001,"บริษัท ก. ในฐานะผู้บริหารโครงการ และบริษัทและบริษัท ร่วมกันจัดทำโครงการประกันภัย
อุบัติเหตุเอื้ออาทรตามนโยบายของรัฐบาล เพื่อให้ประโยชน์แก่ผู้เอาประกันภัยที่ประสบอุบัติเหตุเสียชีวิต
หรือตกเป็นผู้ทุพพลภาพถาวร โดยมีการทำสัญญาการเข้าร่วมรับประกันภัยโครงการประกันภัยอุบัติเหตุ
ระหว่าง ง และผู้บริหารโครงการ โดยกำหนดสิทธิ หน้าที่ และความรับผิดชอบต่าง ๆ ของคู่สัญญาไว้
ซึ่งผู้บริหารโครงการมีหน้าที่รวบรวมและกระจายเงินเบี้ยประกันภัยให้กับบริษัทรับประกันภัยในโครงการฯ
รวมทั้งหน้าที่อื่นตามที่คณะกรรมการบริหารโครงการกำหนด ส่วนค่าใช้จ่ายในการบริหารโครงการที่ ก
จะได้รับตามข้อตกลงในสัญญาดังกล่าว ง จะเป็นผู้กำหนด ต่อมาที่ประชุมคณะกรรมการบริหารโครงการ
มีมติให้นำเงินทุนหมุนเวียนภายใต้โครงการเบี้ยประกันภัยที่กรมและ นำส่งไปลงทุนในชื่อของ ก และจะ
กระจายรายได้จากการลงทุนให้บริษัทรับประกันภัยในโครงการฯ บันทึกรับรู้เป็นรายได้ตามสัดส่วนของ
แต่ละบริษัท โดยการลงทุนดังกล่าวต้องอยู่ภายใต้ประกาศกระทรวงพาณิชย์ เรื่อง การลงทุนประกอบ
ธุรกิจอื่น ซึ่งผู้บริหารโครงการได้นำไปลงทุนในตั๋วสัญญาใช้เงินแบบเผื่อเรียก และประเภทกำหนดอายุ
1-3 เดือน และเงินฝากธนาคารประเภทออมทรัพย์เท่านั้น ผู้บริหารโครงการจึงหารือว่า จะต้องปฏิบัติ
อย่างไรเกี่ยวกับภาระภาษีเงินได้นิติบุคคลและภาษีธุรกิจเฉพาะสำหรับเงินได้จากการนำเงิน
เบี้ยประกันภัยไปลงทุนในชื่อของ ก นั้น"
0002,"องค์กรความร่วมมือ ระหว่างประเทศ A ประจำประเทศไทย (องค์กรฯ) ขอหารือเกี่ยวกับ ภาษีเงินได้หัก ณ ที่จ่าย กรณีการออกหนังสือรับรอง การหักภาษี ณ ที่จ่าย และนำส่งภาษี เงินได้หัก ณ ที่จ่ายแทน ในนามของกรม ก. มีข้อเท็จจริงสรุปได้ ดังนี้
1. รัฐบาลต่างประเทศ A. และรัฐบาลแห่งราชอาณาจักรไทย ได้มีข้อตกลงสนับสนุน “โครงการ B.” โดยมีกรม ก. เป็นหน่วยปฏิบัติงานโครงการ ในการจัดซื้อสินค้าและ การใช้บริการในประเทศไทยเพื่อใช้ในการดำเนินงานโครงการ กรมฯ เป็นผู้ทรงสิทธิ์ใช้ อัตราภาษีมูลค่าเพิ่มร้อยละ 0 โดยใช้งบประมาณของรัฐบาลต่างประเทศ
2. กรมฯ ได้มีหนังสือมอบอำนาจให้องค์กรฯ เป็นผู้ดำเนินการในการจัดซื้อสินค้าและการใช้ บริการโดยใช้อัตราภาษีมูลค่าเพิ่มร้อยละ 0 แทนกรมฯ โดยให้ผู้ขายสินค้าหรือผู้ให้บริการ ออกใบกำกับภาษีระบุชื่อ “กรม ก. โดยองค์กรความร่วมมือระหว่างประเทศ A” โดยมี ที่ตั้งเป็นที่อยู่ของกรมฯ เป็นผู้ซื้อหรือรับบริการ
3. องค์กรฯ จึงขอทราบว่าจะต้องออกหนังสือรับรองการหักภาษี ณ ที่จ่ายให้กับผู้ขายสินค้า หรือผู้ให้บริการในนามขององค์กรฯ ซึ่งจะไม่ตรงกับชื่อและที่อยู่ในใบกำกับภาษี หรือ จะต้องดำเนินการออกหนังสือรับรองการหักภาษี ณ ที่จ่าย ให้ถูกต้องได้อย่างไร"
0003,การประปา ฯ หารือ กรณีการหักกลบลบหนี้จากกรณีที่ ได้ว่าจ้างบริษัท ท. จำกัด (บริษัทฯ) ให้ก่อสร้างปรับปรุงขยายตามสัญญาจ้างเหมาก่อสร้างโครงการปรับปรุงขยายการประปา (สัญญาฯ) เนื่องจากบริษัทฯ ได้ส่งมอบงาน งวดสุดท้าย เกินระยะเวลาที่สัญญาฯ กำหนดไว้การประปาฯ จึงขอทราบว่า กรณีบริษัทฯ ได้ส่งมอบงานงวดสุดท้ายเกินระยะเวลาที่สัญญาฯ กำหนดไว้ และ การประปาฯ ได้เรียกเก็บค่าปรับโดยการหักกลบลบหนี้ระหว่างค่างานงวดสุดท้ายกับค่าปรับ การประปาฯ จะต้องหักภาษีเงินได้ ณ ที่จ่าย อย่างไร
0004,"นาย ก. เป็นพนักงานบริษัทเป็นเวลากว่า 25 ปี มีรายได้ประจำจากเงินเดือน แต่ได้รับ ค่านายหน้าเพียงครั้งเดียวในปี 2562 จากการแนะนำให้มีการซื้อที่ดินเป็นเงิน 7,444,200 บาท และถูกหักภาษีเงินได้ ณ ที่จ่ายไว้แล้ว แต่นาย ก. ไม่ได้ประกอบอาชีพนายหน้า หรือทำเป็นธุรกิจเพื่อเลี้ยงชีพ โดยได้รับค่านายหน้าจากการแนะนำให้มีการซื้อที่ดินเพียงครั้งนี้ครั้งเดียว นาย ก. ไม่มีหน้าที่ต้องเสียภาษีมูลค่าเพิ่ม ถูกต้องหรือไม่"
0005,หน่วยงาน ก. เป็นนิติบุคคล มีฐานะเป็นหน่วยงานของรัฐที่ไม่เป็นส่วนราชการ หรือรัฐวิสาหกิจตามกฎหมายว่าด้วยวิธีการงบประมาณ และตามกฎหมายจัดตั้งหน่วยงาน ในการประชุมคณะกรรมการ หน่วยงาน ก. ได้จ่ายค่าเบี้ยประชุมและค่าตอบแทนให้แก่คณะกรรมการที่เข้าร่วมประชุมซึ่งเป็นเงินได้พึงประเมินตามมาตรา 40 (2) แห่งประมวลรัษฎากร โดยหน่วยงาน ก. ได้คำนวณหักภาษีเงินได้ ณ ที่จ่าย ตามมาตรา 50 (1) แห่งประมวลรัษฎากร และออกหนังสือรับรองการหักภาษี ณ ที่จ่ายตามมาตรา 50 ทวิ แห่งประมวลรัษฎากร ระบุปีภาษี ระบุจำนวนเงินที่จ่าย และภาษีที่หักและนำส่งไว้ 0.00 บาท หน่วยงาน ก. หารือว่า หน่วยงาน ก. จะต้องนำเงินได้พึงประเมินที่คณะกรรมการได้รับจากผู้จ่ายเงินได้รายอื่นมารวมคำนวณกับค่าเบี้ยประชุมและค่าตอบแทนที่กองทุนฯ จ่ายให้คณะกรรมการด้วย หรือไม่
0006,บริษัทมีสวัสดิการเงินช่วยเหลือการศึกษาบุตรของพนักงาน โดยมอบให้พนักงานที่มีบุตรกำลังศึกษาอยู่ในสถานศึกษาในประเทศ ระดับชั้นอนุบาลและไม่สูงกว่าระดับปริญญาตรี ให้มีสิทธิได้รับเงินช่วยเหลือการศึกษาบุตรตามอัตราที่บริษัทกำหนด โดยบริษัทได้หักภาษีเงินได้หัก ณ ที่จ่าย สำหรับเงินได้ดังกล่าวของพนักงานเพื่อนำส่งสรรพากรมาโดยตลอด ทั้งนี้ เพื่อความชัดเจนว่าบริษัทได้ปฏิบัติถูกต้องแล้วหรือไม่ และเพื่อตอบข้อสงสัยแก่พนักงาน บริษัทจึงขอหารือว่าเงินช่วยเหลือการศึกษาบุตรที่บริษัทจ่ายให้แก่พนักงาน ถือเป็นเงินได้พึงประเมินที่พนักงานจะต้องนำไปรวมคำนวณเพื่อเสียภาษีเงินได้บุคคลธรรมดาหรือไม่ และบริษัทมีหน้าที่ต้องหักภาษี ณ ที่จ่าย ตามมาตรา 50 แห่งประมวลรัษฎากร หรือไม่
0007,กรณีการพิจารณาความสัมพันธ์ของบริษัทหรือห้างหุ้นส่วนนิติบุคคลที่มีความสัมพันธ์กันตามมาตรา 71 ทวิ วรรคสอง (2) แห่งประมวลรัษฎากร ที่บัญญัติไว้ว่า “ผู้ถือหุ้นหรือผู้เป็นหุ้นส่วนซึ่งถือหุ้นหรือเป็นหุ้นส่วนในนิติบุคคลหนึ่งไม่ว่าโดยตรงหรือโดยอ้อมไม่น้อยกว่าร้อยละห้าสิบของทุนทั้งหมด ถือหุ้นหรือเป็นหุ้นส่วนในอีกนิติบุคคลหนึ่งไม่ว่าโดยตรง หรือโดยอ้อมไม่น้อยกว่าร้อยละห้าสิบของทุนทั้งหมด” นั้น คำว่า “ผู้ถือหุ้นหรือผู้เป็นหุ้นส่วน” หมายความถึงผู้ถือหุ้นคนใดคนหนึ่งหรือกลุ่มผู้ถือหุ้นหลายคนรวมกันที่ถือหุ้นทับซ้อนกัน
0008,"1. บริษัท ไก่กา ได้รับงบลงทุนและงบดำเนินการจำนวน 1,700,000,000 บาท ให้เบิก เป็นเงินยืมโดยมีเงื่อนไขการชำระคืนรัฐบาลภายใน 7 ปี อัตราดอกเบี้ยร้อยละ 0 เมื่อวันที่ 12 พฤศจิกายน 2546 บริษัทฯ ได้ลงนามในสัญญากู้ยืมเงินกับหน่วยงานของรัฐโดยมีกำหนดชำระคืนในวันที่ 16 กุมภาพันธ์ 2554 หากบริษัทฯ ไม่ชำระคืนได้ครบตามจำนวนที่กำหนด ต้องจ่ายเบี้ยปรับในอัตราร้อยละ 15 ต่อปี นับแต่วันผิดนัดชำระหนี้จนกว่าจะชำระหนี้ครบจำนวน
    2. ต่อมาบริษัทฯ ไม่สามารถปฏิบัติตามสัญญากู้ยืมเงินได้และคณะรัฐมนตรีมีมติอนุมัติให้ปรับโครงสร้างหนี้จำนวน 2 ครั้ง เมื่อวันที่ 18 มิถุนายน 2556 และวันที่ 29 ธันวาคม 2563 ปัจจุบันบริษัทฯ ยังมียอดหนี้คงค้างที่ต้องชำระคืนแก่หน่วยงานของรัฐตามแผนปรับโครงสร้างหนี้ และดอกเบี้ยผิดนัด
    3. มติคณะรัฐมนตรี กำหนดให้ขยายระยะเวลาการชำระคืนเงินยืมของบริษัทฯ ทั้งต้นเงินยืมและดอกเบี้ย รวมทั้งดอกเบี้ยผิดนัดจากสัญญาเดิมนับแต่ปี 2563 ออกไปอีก 25 ปี (2563 ถึง 2587) และเปลี่ยนแปลงเงื่อนไขการชำระคืนเงินยืม ให้มีผลนับแต่วันที่ 31 ธันวาคม 2563 เป็นต้นไป ดังนี้
        3.1 ตั้งแต่ปี 2563 ถึงปี 2569 รวมระยะเวลา 7 ปี ให้พักชำระต้นเงินและดอกเบี้ยโดยภาระดอกเบี้ยที่เกิดขึ้นในช่วงพักชำระหนี้ดังกล่าว ให้บริษัทฯ เฉลี่ยทยอยชำระคืนแก่หน่วยงานของรัฐในช่วงชำระคืนต้นเงินยืม
        3.2 ตั้งแต่ปี 2570 ถึงปี 2582 รวมระยะเวลา 13 ปี ให้ชำระคืนต้นเงินยืมพร้อมดอกเบี้ยให้หน่วยงานของรัฐ
        3.3 ดอกเบี้ยที่เกิดขึ้นในปี 2563 ใช้อัตราดอกเบี้ยตามสัญญาเดิมที่ร้อยละ 3.78 ต่อปี และปรับใช้อัตราผลตอบแทนของพันธบัตรรัฐบาล (Government Bond Yield) อายุ 20 ปี ณ วันที่ 30 ธันวาคม 2563 เป็นอัตราดอกเบี้ยใหม่ตั้งแต่ปี 2564 เป็นต้นไป
        3.4 ตั้งแต่ปี 2583 ถึงปี 2587 รวมระยะเวลาทยอยชำระคืนดอกเบี้ยผิดนัดตามสัญญาเดิม
    บริษัทฯ ขอหารือว่าดอกเบี้ยจ่ายที่ได้รับการพักชำระหนี้ตั้งแต่ปี 2563 ถึงปี 2569 เป็นระยะเวลา 7 ปี ในทางบัญชีทยอยรับรู้รายการดอกเบี้ยจ่ายดังกล่าวตามรอบระยะเวลาบัญชีที่เกิดภาระดอกเบี้ยจ่ายนั้นเป็นประจำทุกปี ตั้งแต่ปี 2563 ถึงปี 2582 รวมระยะเวลา 20 ปี กล่าวคือ ปี 2563 ฝ่ายบัญชีได้บันทึกรายการดอกเบี้ยจ่ายเป็นรายจ่าย ในการคำนวณกำไรสุทธิเพื่อเสียภาษีเงินได้นิติบุคคลประจำปีได้หรือไม่"
0009,"สำนักงานเป็นหน่วยงานของรัฐที่ตั้งขึ้นตามพระราชบัญญัติมีภารกิจในการพัฒนานโยบายสาธารณะเพื่อสุขภาพ โดยสำนักงานได้รับงบประมาณหมวดอุดหนุนทั่วไปจากรัฐบาลเป็นรายปี และคณะกรรมการบริหารสำนักงานได้ออกระเบียบคณะกรรมการบริหารสำนักงาน โดยมีการกำหนดเรื่องของการจ่ายเงินเพื่อการสนับสนุนหรือดำเนินโครงการของสำนักงานว่าเป็นการจ่ายเงินสนับสนุนให้หน่วยราชการ องค์กรนิติบุคคล องค์กรที่ไม่ใช่นิติบุคคล ซึ่งภายใต้การจ่ายเงินเพื่อสนับสนุนหรือการดำเนินการโครงการของสำนักงาน จะมีการจัดทำข้อตกลงเพื่อการปฏิบัติงานโครงการ (MOU) เพื่อให้เกิดการยอมรับและยืนยันในสิทธิและหน้าที่ของแต่ละฝ่าย ไม่มีสภาพบังคับตามนัยของสัญญา โดยโครงการที่จะได้รับการสนับสนุนมี 2 ประเภท ได้แก่
    1. โครงการที่สนับสนุนหน่วยงาน องค์กร ภาคีเครือข่าย ในระดับพื้นที่ ในการจ่ายเงินสนับสนุนโครงการจะแบ่งจ่ายตามงวดงาน งวดเงินที่ตกลงกันไว้ และการจ่ายเงินให้แก่ผู้รับการสนับสนุนจะไม่มีการหักภาษีเงินได้ ณ ที่จ่าย แต่อย่างใด เนื่องจากไม่มีการจ่ายค่าตอบแทนให้แก่ผู้รับการสนับสนุน
    2. โครงการที่สนับสนุนการปฏิบัติงานวิชาการให้กับหน่วยงาน องค์กรภาคีเครือข่ายทุกภาคส่วน แบ่งการจ่ายเงินสนับสนุนเป็น 3 หมวด คือ หมวดค่าดำเนินการ หมวดค่าบริหารจัดการ และหมวดค่าตอบแทน ซึ่งในหมวดค่าตอบแทน สำนักงานจะหักภาษีเงินได้ ณ ที่จ่ายร้อยละ 1 จากหัวหน้าโครงการหรือผู้รับผิดชอบหลักเท่านั้นส่วนค่าตอบแทนที่ไม่สามารถระบุตัวบุคคลผู้รับเงิน สำนักงานไม่ได้หักภาษีเงินได้ ณ ที่จ่าย โดยจะให้ผู้รับเงินสนับสนุนโครงการ หรือผู้รับผิดชอบโครงการไปดำเนินหักภาษีเงินได้ ณ ที่จ่ายเอง
    สำนักงานขอหารือ ดังนี้
    1. การที่สำนักงานถือว่าการให้การสนับสนุนโครงการทั้งสองประเภทที่ได้ทำเป็นข้อตกลงเพื่อการปฏิบัติงานโครงการดังกล่าว ไม่ถือว่าเป็นสัญญาจ้างทำของ ตามมาตรา 587 แห่งประมวลกฎหมายแพ่งและพาณิชย์ ถูกต้องแล้วหรือไม่
    2. การที่สำนักงานถือว่าเงินสนับสนุนโครงการทั้งสองประเภทไม่ถือว่าเป็นเงินได้พึงประเมินตามมาตรา 40 (8) แห่งประมวลรัษฎากร จึงไม่ต้องหักภาษีเงินได้ ณ ที่จ่าย ทุกครั้งที่มีการจ่ายเงินสนับสนุนโครงการให้กับภาคีเครือข่ายถูกต้องแล้วหรือไม่
    3. การที่สำนักงานถือว่าข้อตกลงเพื่อการปฏิบัติงานโครงการทั้งสองประเภทไม่ต้องปิดอากรแสตมป์ตามมาตรา 104 แห่งประมวลรัษฎากร ถูกต้องแล้วหรือไม่"
0010,"นาย ก. และนาง ข. ได้จดทะเบียนสมรสเมื่อปี พ.ศ. 2519 ต่อมา ได้ร่วมกันซื้อที่ดินรวม 3 แปลง และได้ยกที่ดินเฉพาะส่วนของตนทั้ง 3 แปลง ให้กับนางสาว ค. ซึ่งเป็นบุตรชอบด้วยกฎหมายปรากฏตามหนังสือสัญญาให้เฉพาะส่วนรวมสามโฉนด (ท.ด.14 ข) ในการทำสัญญาให้ที่ดินดังกล่าว ซึ่งนาย ก. และนาง ข. ผู้ให้ร่วม ได้ชำระภาษีเงินได้บุคคลธรรมดาและอากรแสตมป์ครบถ้วนแล้ว แต่ในการคำนวณภาษีเงินได้บุคคลธรรมดานั้น สำนักงานที่ดิน ได้แจ้งว่าได้ยกเว้นภาษีเงินได้บุคคลธรรมดา กรณีเงินได้จากการโอนกรรมสิทธิ์ในอสังหาริมทรัพย์โดยไม่มีค่าตอบแทนให้แก่บุตรชอบด้วยกฎหมาย ตามมาตรา 42 (26) แห่งประมวลรัษฎากร เพียงจำนวนยี่สิบล้านบาท นาย ก. และนาง ข. ขอทราบว่า
    1. นาย ก. และนาง ข. ได้นำเงินที่ทำมาหาได้ร่วมกัน โดยไม่อาจแยกได้ว่าส่วนไหนเป็นเงินส่วนตัวของนาย ก. และนาง ข. ที่แต่ละคนทำมาหาได้ภายหลังการสมรสมาซื้อที่ดินทั้ง 3 แปลงดังกล่าว ที่ดินทั้ง 3 แปลงย่อมเป็นสินสมรส ตามมาตรา 1474 (1) แห่งประมวลกฎหมายแพ่งและพาณิชย์ ที่นาย ก. และนาง ข. เป็นเจ้าของกรรมสิทธิ์ร่วมกันและมีส่วนเท่ากัน ตามมาตรา 1375 แห่งประมวลกฎหมายแพ่งและพาณิชย์ ดังนั้น ทรัพย์สินอันเป็นสินสมรสก็ถือว่าต่างฝ่ายมีส่วนเป็นเจ้าของร่วมกันคนละกึ่งหนึ่งเช่นกัน ถูกต้องหรือไม่ อย่างไร
    2. เมื่อนาย ก. และนาง ข. ได้ยกที่ดินดังกล่าวให้แก่นางสาว ค. บุตรชอบด้วยกฎหมาย ซึ่งการยกให้นั้น กรมสรรพากรถือว่าเป็นการขาย ตามมาตรา 39 แห่งประมวลรัษฎากร ดังนั้น ผู้ยกให้ซึ่งอสังหาริมทรัพย์ จึงถือว่าเป็นผู้มีเงินได้พึงประเมิน ตามมาตรา 40 (8) แห่งประมวลรัษฎากร โดยมีหน้าที่ต้องนำราคาอสังหาริมทรัพย์ตามราคาประเมินฯ มารวมคำนวณภาษีเงินได้บุคคลธรรมดา และถือว่านาย ก. และนาง ข. ต่างฝ่ายต่างมีเงินได้และแต่ละฝ่ายได้รับเงินได้พึงประเมินคนละส่วนเท่ากัน และสามารถแบ่งแยกได้อย่างชัดแจ้ง เพราะฉะนั้น นาย ก. และนาง ข. จึงต่างฝ่ายต่างมีหน้าที่ยื่นแบบแสดงรายการภาษีเงินได้บุคคลธรรมดาจากการยกให้ที่ดินดังกล่าว ตามมาตรา 57 ฉ วรรคหนึ่ง แห่งประมวลรัษฎากร ถูกต้องหรือไม่
    3. เมื่อต่างฝ่ายต่างมีหน้าที่ยื่นแบบแสดงรายการภาษีเงินได้บุคคลธรรมดา แต่ละฝ่ายจึงมีสิทธิได้รับยกเว้นภาษีเงินได้บุคคลธรรมดา กรณีเงินได้จากการโอนกรรมสิทธิ์ในอสังหาริมทรัพย์โดยไม่มีค่าตอบแทนให้แก่บุตรชอบด้วยกฎหมาย ตามมาตรา 42 (26) แห่งประมวลรัษฎากร ในส่วนที่ไม่เกินยี่สิบล้านบาท มิใช่ได้รับยกเว้นเพียงยี่สิบล้านบาท ตามการคำนวณของสำนักงานที่ดินฯ ถูกต้องหรือไม่ อย่างไร"
0011,บริษัทได้ทำสัญญาให้บริการส่วนกลางสำหรับอาคารสำนักงานและอาคารร้านค้ากิจการให้บริการอื่น ๆ แก่ผู้เช่าหรือบุคคลผู้มาใช้บริการในอาคาร สัญญาดังกล่าวถือเป็นสัญญาที่อยู่ในบังคับต้องเสียอากรแสตมป์ตามหลักเกณฑ์และลักษณะแห่งตราสารตามบัญชีอัตราอากรแสตมป์หรือไม่ อย่างไร
0012,บริษัท ก. ได้ยื่นแบบ ภ.พ.30 ระบุขอคืนภาษีมูลค่าเพิ่มเป็นเงินสด โดยกรรมการบริษัท ก. ลงลายมือชื่อเป็นลายเซ็นในช่องคำรับรองข้อความที่แสดงในแบบแสดงรายการเป็นภาษาญี่ปุ่น แต่ในช่องการขอคืนภาษี ได้ลงลายมือชื่อเป็นตัวหนังสือภาษาอังกฤษ ซึ่งแตกต่างกัน การลงลายมือชื่อดังกล่าวถือว่าเป็นการลงลายมือชื่อ ที่ชอบด้วยประมวลรัษฎากรหรือไม่
0013,สำนักงาน ก. ขอความอนุเคราะห์ข้อมูล หลักเกณฑ์ ตลอดจนแนวทางปฏิบัติเกี่ยวกับ การพิจารณาถึงความสัมพันธ์ของนิติบุคคลที่ถือว่าเป็นบริษัทในเครือเดียวกันตามกฎหมาย ภาษีอากร
0014,บริษัท ก. (บริษัทฯ) ได้หารือเกี่ยวกับภาษีมูลค่าเพิ่ม กรณีการนำเข้าสินค้าที่ใช้ชื่อ C. มีข้อเท็จจริงสรุปได้ว่า บริษัทฯ ได้นำเข้าสินค้าชื่อว่า “C.” เพื่อใช้ทดแทน Choline Chloride ในอาหารสัตว์ โดยมีสรรพคุณใช้เพื่อช่วยในการทำงานของตับ และป้องกันการรั่วไหลของเอนไซม์ transaminases ในอาหารสัตว์ที่ขาด Choline แต่เนื่องจาก ข. ไม่เป็นอาหารสัตว์ ที่จะต้องขึ้นทะเบียนอาหารสัตว์ตามพระราชบัญญัติควบคุมคุณภาพอาหารสัตว์ แต่ต้องขออนุญาตนำเข้าจากกรมปศุสัตว์ ซึ่งบริษัทฯ เป็นผู้รับใบอนุญาตนำเข้าอาหารสัตว์ ตามใบอนุญาตนำเข้าอาหารสัตว์ควบคุมเฉพาะ จึงขอหารือว่า การนำเข้าสินค้าดังกล่าว เป็นการนำเข้าอาหารสัตว์ซึ่งได้รับยกเว้นภาษีมูลค่าเพิ่ม ตามมาตรา 81 (1) (ง) และมาตรา 81 (2) (ก) แห่งประมวลรัษฎากร หรือไม่
0015,"สภา ก. เป็นองค์กรที่จัดตั้งขึ้นตามพระราชบัญญัติวิชาชีพ ซึ่งตามพระราชบัญญัติดังกล่าว บัญญัติให้ สภา ก. มีฐานะเป็นนิติบุคคล สภา ก. ขอหารือ ดังนี้
  1. สภา ก. ต้องอยู่ภายใต้บังคับบทบัญญัติแห่งประมวลรัษฎากร ที่จะต้องมีหน้าที่เสีย ภาษีเงินได้นิติบุคคลหรือไม่ อย่างไร
  2. สภา ก. ถือเป็นองค์การสถานสาธารณกุศลตามประมวลรัษฎากร บุคคลธรรมดาที่บริจาค เงินหรือทรัพย์สินให้แก่สภา ก. มีสิทธินำหลักฐานการบริจาคมาหักลดหย่อนตามประมวล รัษฎากรได้หรือไม่ อย่างไร"
0016,"1. นาง ก. ปัจจุบันมีสามีเป็นชาวต่างชาติชื่อ Mr.A แต่มิได้จดทะเบียนสมรส
  2. กรมสรรพากรมีข้อมูล Exchange of Information จากสรรพากรต่างประเทศ (ประเทศ B) กรณีนาง ก. ผู้มีถิ่นที่อยู่ในประเทศไทยได้รับเงินของขวัญ (Gift) ในฐานะ แฟนสาวจาก Mr.A คิดเป็นเงินบาทไทยตามอัตราซื้อถัวเฉลี่ยเงินโอนของธนาคารแห่งประเทศไทย (ธปท.) ดังนี้
    2.1 จำนวน 1 ล้านบาท เมื่อวันที่ 20 มีนาคม 2560
    2.2 จำนวน 8 แสนบาท เมื่อวันที่ 30 มีนาคม 2561
    2.3 จำนวน 7 แสนบาท เมื่อวันที่ 14 เมษายน 2562
  3. นาง ก. แจ้งว่าได้รับเงินรายเดือนจาก Mr.A ซึ่งเป็นสามีที่มิได้จดทะเบียนสมรส เพื่อใช้สอยในครอบครัวประมาณเดือนละ 35,000 บาท โดยสําหรับปี พ.ศ. 2558 - 2559 ได้รับเงินจากสามีประมาณเดือนละ 60,000 บาท อย่างไรก็ดี ไม่เคยได้รับเงินก้อนใหญ่ แต่อย่างใด นาง ก. เดินทางไปประเทศ B ปีละสองเดือนครึ่ง และจะกลับมาอยู่ใน ประเทศไทย
  4. เงินที่นาง ก. ได้รับในกรณีดังกล่าว เป็นเงินได้ที่ได้รับยกเว้นตามมาตรา 42 (28) แห่ง ประมวลรัษฎากรหรือไม่"
0017,"บริษัท ก. (บริษัทฯ) ผู้ได้รับการส่งเสริมการลงทุนในกิจการผลิตยางตามบัตรส่งเสริม การลงทุน โดยบริษัทฯ อยู่ระหว่างเริ่มทดลองการผลิตยางดังกล่าว โดยจำเป็นต้องส่งยาง ที่ผลิตภายใต้โครงการที่ได้รับการส่งเสริมไปทดสอบคุณภาพในต่างประเทศ ซึ่งส่วนใหญ่ จะส่งให้ R&D Center ของบริษัท A. ในต่างประเทศ รวมถึงศูนย์ทดสอบของหน่วยงาน ท้องถิ่น ซึ่งขึ้นอยู่กับกฎระเบียบเกี่ยวกับมาตรฐานสินค้าที่กำหนดในแต่ละประเทศ เพื่อรับรองว่าสินค้าที่ผลิตในประเทศไทยได้มาตรฐานตามที่บริษัทแม่กำหนด โดยการส่งออก ไปทดสอบมี 3 ลักษณะ ดังนี้
    1. ส่งออกยางไปทดสอบในต่างประเทศ แล้วนำกลับเข้ามาในประเทศไทยภายใน 1 ปี โดยของนั้นยังคงสภาพเดิม ไม่มีการเปลี่ยนแปลงรูปร่างลักษณะใด ๆ
    2. ส่งออกยางไปทดสอบในต่างประเทศ แล้วนำกลับเข้ามาในประเทศไทยภายใน 1 ปี โดยของนั้นจะเปลี่ยนแปลงรูปร่างลักษณะไปจากเดิม เนื่องจากถูกทำลายระหว่างขั้นตอน การ ทดสอบ
    3. ส่งออกยางไปทดสอบในต่างประเทศ โดยมิได้นำของนั้นกลับเข้ามาในประเทศ เนื่องจากถูกทำลายจนสิ้นสภาพไม่อาจนำกลับเข้ามาในประเทศได้อีก
  จึงขอหารือกรมสรรพากร ดังนี้
    1. กรณีดังกล่าวข้างต้น บริษัทฯ จะต้องมีการรับรู้รายได้หรือไม่ อย่างไร ตามมาตรา 70 ตรี แห่งประมวลรัษฎากร
    2. เพื่อประโยชน์ในการปฏิบัติงานและใช้เป็นแนวทางในการพิจารณาการใช้สิทธิประโยชน์ ยกเว้นภาษีเงินได้นิติบุคคลสำหรับกิจการที่ได้รับการส่งเสริมได้อย่างถูกต้องตามประมวล รัษฎากร สำนักงานฯ ขอหารือว่า ผู้ประกอบการจะต้องดำเนินการตามหลักเกณฑ์ ขั้นตอน วิธีการอย่างไร จึงจะเข้าข้อยกเว้นตามมาตรา 70 ตรี วรรคสอง แห่งประมวลรัษฎากร"
0018,"1. นางสาว ก. และพวก ได้แก่ นาง ข. นาย ค. นาย ง. นาย จ. และนางสาว ฉ. เป็นเจ้าของ กรรมสิทธิ์ร่วมกันในที่ดินจำนวน 4 แปลง ซึ่งมีการบรรยายส่วนการถือครองกรรมสิทธิ์ของ แต่ละคนไว้ในสารบัญจดทะเบียนท้ายโฉนดที่ดิน
  2. นางสาว ก. และพวก มีความประสงค์จะให้เช่าที่ดินทั้ง 4 แปลง โดยจะทำสัญญาเช่า แยกกันคนละฉบับตามสัดส่วนที่ตนถือครองกรรมสิทธิ์ และให้ผู้เช่าหักภาษีเงินได้ ณ ที่จ่าย จากเงินค่าเช่าและค่าเช่ารับล่วงหน้าที่ต้องจ่ายให้แต่ละคนตามสัญญาเช่า ซึ่งนางสาว ก. และพวก จะนำเงินที่แต่ละคนได้รับดังกล่าวไปรวมเป็นเงินได้พึงประเมินเพื่อเสียภาษีเงินได้ บุคคลธรรมดาในนามของแต่ละบุคคลแยกต่างหากจากกัน ซึ่งปัจจุบันอยู่ระหว่างการเจรจา กับผู้เช่าที่ดิน
  3. นางสาว ก. เข้าใจว่า นางสาว ก. และพวก สามารถนำเงินค่าเช่าและค่าเช่ารับล่วงหน้าที่ แต่ละคนได้รับไปรวมคำนวณเพื่อเสียภาษีเงินได้บุคคลธรรมดาในนามของตนเองได้ ตามมาตรา 56 แห่งประมวลรัษฎากร โดยผู้เช่าจะต้องหักภาษีเงินได้ ณ ที่จ่าย พร้อมทั้ง ออกหนังสือรับรองการหักภาษี ณ ที่จ่าย ให้แก่นางสาว ก. และพวก เป็นรายบุคคล โดย นางสาว ก. และพวก สามารถนำเงินภาษีที่ถูกหัก ณ ที่จ่าย และนำส่งไว้ดังกล่าวไปถือเป็น เครดิตในการคำนวณภาษีเงินได้บุคคลธรรมดาของแต่ละคนได้ ความเข้าใจดังกล่าวถูกต้อง หรือไม่ อย่างไร"
0019,บริษัท ก. (บริษัทฯ) ประกอบกิจการ ซื้อมาขายไปเวชภัณฑ์สำหรับสัตว์ นำหรือสั่งยาแผนปัจจุบันในราชอาณาจักร ขายส่งยาแผนปัจจุบัน รวมถึงนำเข้าและขายอาหารสัตว์ควบคุมเฉพาะ เนื่องจากบริษัทฯ ได้นําเข้าผลิตภัณฑ์ชื่อว่า “Z.” เพื่อใช้ทดแทน วิตามินซีสังเคราะห์ในอาหารสัตว์ โดยมีสรรพคุณใช้เพื่อเสริมภูมิคุ้มกันของสัตว์ปีก ทําให้ภูมิคุ้มกันดีขึ้นโดยการปรับปรุงการเพิ่มจํานวนของเซลล์เม็ดเลือดขาว ช่วยเสริมฤทธิ์ของไลโซไวม์ในการยับยั้งแบคทีเรียก่อโรคในซีรัมต่อสู้กับความเครียด ปกป้องเซลล์ร่างกายจากความเครียดจากการผลิตโดยทําหน้าที่เป็นสารต่อต้านอนุมูลอิสระของเซลล์ มีประสิทธิภาพในการลดอุณหภูมิของร่างกายในขณะที่เกิดความเครียดจากความร้อน นอกจากนี้ยังควบคุมระดับคอร์ติโคสเตอโรน เพื่อป้องกันผลข้างเคียงจากความเครียดในสัตว์ปีก แต่เนื่องจาก Z. ไม่ได้เป็นอาหารที่จะต้องขึ้นทะเบียนอาหารสัตว์ตามพระราชบัญญัติควบคุมอาหารสัตว์ แต่ต้องขออนุญาตนําเข้าจากกรมปศุสัตว์ ซึ่งบริษัทฯ ได้รับอนุญาตให้นําเข้าแล้ว กรณีการนำเข้าสินค้าดังกล่าว บริษัทฯ ต้องเสียภาษีมูลค่าเพิ่มหรือไม่
0020,กรณีที่มีการส่งเสริมการแข่งขันในกิจการก๊าซธรรมชาติ (จากรัฐบาล) ผู้รับใบอนุญาตจัดหา และค้าส่งก๊าซธรรมชาติ (Shipper) จะเป็นผู้จัดหาก๊าซธรรมชาติเหลว (LNG) และเก็บรักษาไว้ในถังเก็บรักษา ภายใต้การบริหารจัดการของผู้รับใบอนุญาตเก็บรักษาก๊าซธรรมชาติและแปรสภาพก๊าซธรรมชาติจากของเหลวเป็นก๊าซ (A) โดยปริมาณที่ Shipper แต่ละรายจัดหาจะถูกผสมรวมกันภายในถังเก็บรักษา ก่อนที่จะถูกแปรสภาพเป็นก๊าซธรรมชาติเข้าสู่ระบบท่อส่งก๊าซธรรมชาติ เพื่อส่งไปให้กับผู้ใช้ก๊าซของ Shipper แต่ละราย โดยในบางกรณี Shipper อาจมีการเรียก LNG เกินกว่าปริมาณที่ตนเองนำเข้า ซึ่งทางปฏิบัติสามารถจะใช้ LNG ส่วนของ Shipper รายอื่นได้ ภายใต้กระบวนการยืมและคืนภายในถังเก็บรักษา ดังนั้น การยืมและการคืน LNG ระหว่าง Shipper แต่ละรายจะต้องเสียภาษีหรือไม่
0021,หน่วยงาน A ขอหารือเกี่ยวกับการหักภาษีเงินได้ ณ ที่จ่าย สำหรับค่าเบี้ยประชุมที่จ่ายให้แก่กรรมการ อนุกรรมการ หรือผู้ทำงาน ตามระเบียบคณะกรรมการ ว่าต้องหักภาษีเงินได้ ณ ที่จ่ายไว้หรือไม่ อย่างไร โดยหน่วยงาน A เห็นว่า ค่าเบี้ยประชุมที่หน่วยงาน A ได้จ่ายให้แก่ กรรมการ อนุกรรมการ หรือผู้ทำงานนั้นเป็นเงินได้พึงประเมินที่ได้รับยกเว้นไม่ต้องรวมคำนวณเพื่อเสียภาษีเงินได้ตามมาตรา 42 (7) แห่งประมวลรัษฎากร เนื่องจากหน่วยงาน A เป็นหน่วยงานที่ได้รับการจัดสรรงบประมาณรายจ่ายตามพระราชบัญญัติงบประมาณรายจ่ายประจำปีเช่นเดียวกับส่วนราชการทั่วไป ดังนั้น หน่วยงาน A จึงไม่ต้องหักภาษีเงินได้ ณ ที่จ่าย สำหรับค่าเบี้ยประชุมดังกล่าวแต่อย่างใด
0022,หน่วยงานของรัฐซึ่งมีวัตถุประสงค์เป็นองค์กรกลางรับผิดชอบดูแลการบริหารจัดการสินค้าเกษตรบางอย่างของประเทศ มีอำนาจในการประกอบธุรกิจเกี่ยวกับสินค้าเกษตรดังกล่าว ให้กู้ยืมเงินเพื่อประโยชน์ในการดำเนินการตามวัตถุประสงค์ และจัดตั้งบริษัทจำกัดหรือบริษัทมหาชนจำกัดเพื่อประกอบธุรกิจเกี่ยวกับสินค้าเกษตรดังกล่าว ตามพ.ร.บ. ของหน่วยงาน ได้นำเงินกองทุนของหน่วยงานออกให้กู้ยืมแก่เกษตรกรเพื่อเป็นค่าใช้จ่ายสำหรับประกอบอาชีพ และให้กู้ยืมแก่สถาบันเกษตรกรและผู้ประกอบกิจการเพื่อเป็นค่าใช้จ่ายสำหรับการดำเนินการที่เกี่ยวข้องกับสินค้าเกษตรดังกล่าว โดยผู้กู้มีหน้าที่ต้องชำระต้นเงินและดอกเบี้ยคืนในอัตราดอกเบี้ยต่ำภายในระยะเวลาที่กำหนด และดอกเบี้ยที่ได้รับจากการให้กู้ยืมเงินดังกล่าวจะนำเข้าเป็นรายได้ของกองทุนของหน่วยงาน โดยไม่ต้องนำส่งคลังเป็นรายได้แผ่นดินตาม พ.ร.บ. ของหน่วยงาน จึงขอหารือว่า การนำเงินจากกองทุนของหน่วยงานออกให้กู้ยืมสำหรับกรณีดังกล่าวเข้าลักษณะเป็นการใช้ทุนหรือทุนหมุนเวียนเพื่อประกอบการพาณิชย์ที่หน่วยงานต้องเสียอากรแสตมป์หรือไม่
0023,"1. บริษัท ก. (บริษัทฯ) เป็นนิติบุคคลตามกฎหมายว่าด้วยบริษัทมหาชนจำกัด ประกอบ กิจการลงทุนในบริษัทย่อย (Holding Company) โดยบริษัทฯ ถือหุ้นในบริษัทย่อย จำนวน หลายบริษัท รวมถึงบริษัท ข. ซึ่งเป็นบริษัทจำกัดที่ตั้งขึ้นตามกฎหมายแพ่งและพาณิชย์ โดยบริษัทฯ ถือหุ้นในบริษัท ข. เป็นสัดส่วนร้อยละ 25 ของจำนวนหุ้นสามัญทั้งหมด
  2. เนื่องจากนโยบายการบัญชีของบริษัทฯ กำหนดให้บริษัทย่อยต้องทำการประเมินมูลค่า ยุติธรรมสำหรับอสังหาริมทรัพย์เพื่อการลงทุนซึ่งได้แก่ ที่ดิน อาคารเพื่อประกอบกิจการ การค้า และอาคารสำนักงาน โดยอ้างอิงจากราคาตามสภาพตลาดเพื่อให้งบการเงินสะท้อน มูลค่าที่แท้จริงของบริษัทฯ ทั้งนี้ เมื่อบริษัท ข. ปฏิบัติตามนโยบายการบัญชีดังกล่าวตั้งแต่ วันที่ 1 มกราคม 2564 เป็นต้นไป กล่าวคือ บริษัท ข. ต้องเปลี่ยนวิธีการรับรู้มูลค่า อสังหาริมทรัพย์เพื่อการลงทุนจากเดิมใช้วิธีราคาทุนมาเป็นวิธีมูลค่ายุติธรรม ส่งผลให้กำไร สะสมของบริษัท ข. ลดลง
  3. บริษัท ข. ได้ปรับปรุงมูลค่ายุติธรรมของอสังหาริมทรัพย์เพื่อการลงทุนใหม่อีกครั้ง ณ วันที่ 31 ธันวาคม 2564 ใช้วิธีประเมินมูลค่าราคายุติธรรมมาใช้ในการตีราคาทรัพย์สิน บริษัท ข. จึงมีกำไรจากการเปลี่ยนแปลงมูลค่ายุติธรรมของอสังหาริมทรัพย์ ส่งผลให้บริษัท ข. มีกำไรเพิ่มขึ้นจากการตีราคาทรัพย์สินดังกล่าว
  4. บริษัท ข. จ่ายเงินปันผลจากกำไรและกำไรสะสมที่เกิดขึ้นจากการตีราคาทรัพย์สินให้แก่ บริษัทฯ และบริษัทฯ จะจ่ายเงินปันผลดังกล่าวให้แก่ผู้ถือหุ้นของบริษัทฯ ซึ่งส่วนหนึ่งเป็น บุคคลธรรมดา
  5. บริษัทฯ จึงขอหารือ ดังนี้
    5.1 กำไรของบริษัท ข. ที่เกิดจากการตีราคาทรัพย์สินเพิ่มขึ้น ไม่ถือเป็นกำไรทางภาษี บริษัท ข. ไม่ต้องนำกำไรดังกล่าวมารวมคำนวณกำไรสุทธิหรือขาดทุนสุทธิตามมาตรา 65 ทวิ (3) แห่งประมวลรัษฎากร ถูกต้องหรือไม่
    5.2 การจ่ายเงินปันผลจะต้องเป็นไปตามมาตรา 1201 วรรคสาม แห่งประมวลกฎหมาย แพ่งและพาณิชย์ ที่บัญญัติว่า “ห้ามมิให้จ่ายเงินปันผลจากเงินประเภทอื่น นอกจาก เงินกำไร...” ดังนั้น หากบริษัท ข. มีเงินกำไรและกำไรสะสม แม้เงินนั้นจะเป็นกำไรทาง บัญชี บริษัท ข. ย่อมมีสิทธิจ่ายเงินปันผลจากกำไรนั้นให้แก่บริษัทฯ ได้ ถูกต้องหรือไม่
    5.3 เมื่อบริษัทฯ ได้รับเงินปันผลซึ่งจ่ายจากกำไรและกำไรสะสมที่เกิดจากการตีราคา ทรัพย์สินเพิ่มขึ้น บริษัทฯ ไม่ต้องนำเงินปันผลดังกล่าวมารวมเป็นรายได้ในการคำนวณ กำไรสุทธิเพื่อเสียภาษีเงินได้นิติบุคคลตามมาตรา 65 ทวิ (10) แห่งประมวลรัษฎากร เนื่องจากบริษัทฯ เป็นบริษัทจดทะเบียนและถือหุ้นที่ก่อให้เกิดเงินปันผลนั้นไว้เกินกว่า สามเดือนนับแต่วันที่ได้หุ้นนั้นมาถึงวันมีเงินได้ดังกล่าว และไม่ได้โอนหุ้นนั้นไปก่อน สามเดือนนับแต่วันที่มีเงินได้ ถูกต้องหรือไม่
    5.4 เมื่อบริษัทฯ จ่ายเงินปันผลให้แก่ผู้ถือหุ้น ซึ่งจ่ายจากกำไรส่วนที่ได้รับเงินปันผลจาก บริษัท ข. อันเกิดจากการตีราคาทรัพย์สินเพิ่มขึ้น ผู้ถือหุ้นที่เป็นบุคคลธรรมดาซึ่งได้รับ เงินปันผลดังกล่าวจะได้รับเครดิตภาษีเงินปันผลตามมาตรา 47 ทวิ แห่งประมวลรัษฎากร หรือไม่"
0024,"บริษัทจัดตั้งขึ้นตามกฎหมายประเทศไทย ประกอบธุรกิจเกี่ยวกับสิ่งทอ และมีการลงทุนในธุรกิจที่เกี่ยวข้องทั้งในประเทศไทย และในต่างประเทศ บริษัทได้แต่งตั้งให้ผู้บริหารหรือพนักงานไปดำรงตำแหน่งกรรมการในบริษัทลูกในต่างประเทศ โดยจะได้รับค่าตอบแทนเงินเดือน สวัสดิการต่าง ๆ จากหน้าที่งานของบริษัทในประเทศไทย โดยผ่านบัญชีเงินฝากของผู้บริหารหรือพนักงานในประเทศไทย และค่าตอบแทนจากการเป็นกรรมการในบริษัทลูกในต่างประเทศ ตามอัตราค่าตอบแทนเปรียบเทียบกับค่าตอบแทนในตำแหน่งเดียวกัน หรือเทียบเคียงของธุรกิจหรืออุตสาหกรรมประเภทเดียวกัน หรือให้เป็นไปตามข้อกำหนดในแต่ละประเทศ โดยบริษัทลูกในต่างประเทศจะจ่ายค่าตอบแทนให้แก่ผู้บริหารโดยตรง โดยผ่านบัญชีเงินฝากในต่างประเทศที่บริษัทลูกในต่างประเทศเปิดไว้ให้ บริษัทขอหารือ ดังนี้
  1. กรณีบริษัทจ่ายเงินเดือนหรือค่าตอบแทนเฉพาะที่เกิดจากหน้าที่งานของนายจ้างในประเทศไทย บริษัทมีหน้าที่นำเงินได้ที่ผู้บริหารหรือพนักงานได้รับเฉพาะที่จ่ายจากหน้าที่งานที่ทำให้นายจ้างในประเทศไทยมารวมคำนวณเป็นรายได้ เพื่อนำส่งภาษีหัก ณ ที่จ่าย ตามมาตรา 50 (1) แห่งประมวลรัษฎากร ใช่หรือไม่
  2. กรณีผู้บริหารหรือพนักงานที่ได้รับค่าตอบแทนจากการเป็นกรรมการในบริษัทลูกในต่างประเทศ และได้อยู่ในประเทศไทยในปีภาษีเดียวกันกับที่ได้รับเงินได้ค่าตอบแทนเกิน 180 วัน หากผู้บริหารหรือพนักงานคนดังกล่าว ไม่ได้นำเงินค่าตอบแทนที่ได้รับดังกล่าว เข้ามาในประเทศไทยในปีภาษีเดียวกัน ผู้บริหารคนดังกล่าวไม่มีหน้าที่ต้องเสียภาษีเงินได้บุคคลธรรมดาเนื่องจากหน้าที่งานที่ทำในต่างประเทศตามมาตรา 41 วรรคสอง แห่งประมวลรัษฎากร ใช่หรือไม่"
0025,"ในการก่อตั้งทรัสต์เพื่อการลงทุนในอสังหาริมทรัพย์ (REIT หรือกองทรัสต์) และกองทุนรวมอสังหาริมทรัพย์ (กอง 1) โดยมีวัตถุประสงค์เพื่อให้ REIT หรือกอง 1 เป็นช่องทางในการระดมเงินทุนของผู้ประกอบธุรกิจ ในขณะเดียวกันก็เป็นทางเลือกในการลงทุนสำหรับผู้ลงทุน ซึ่งที่ผ่านมามีการจัดตั้ง REIT หรือกอง 1 ที่นำเงินไปลงทุนในอสังหาริมทรัพย์ประเภทโรงแรม แต่เนื่องจากมีข้อกำหนดห้าม REIT หรือกอง 1 ประกอบธุรกิจโรงแรมเอง จึงต้องให้ผู้ประกอบกิจการโรงแรมเช่าอสังหาริมทรัพย์เพื่อประกอบกิจการโรงแรม โดยกำหนดค่าเช่าใน 2 ลักษณะ ได้แก่
  (1) มีเฉพาะค่าเช่าคงที่ โดยไม่มีค่าเช่าที่อ้างอิงผลประกอบการของผู้เช่า
  (2) กำหนดค่าเช่าเป็น 2 ส่วน คือ ค่าเช่าคงที่ และค่าเช่าอ้างอิงกับผลประกอบการ ของโรงแรม เช่น (ก) กำหนดเป็นอัตรา (%) ของรายได้จากกิจการโรงแรมหักด้วยค่าใช้จ่าย เงินสำรองซ่อมแซมโรงแรมและค่าเช่าคงที่ หรือ (ข) กำหนดเป็นอัตรา (%) ของกำไรก่อนดอกเบี้ยจ่าย ภาษีและค่าเสื่อมราคา (EBITDA) เป็นต้น
  ทั้งนี้ REIT หรือกอง 1 ที่ลงทุนในโรงแรมส่วนใหญ่จะกำหนดโครงสร้างค่าเช่าแบบ (2) กรณีดังกล่าวบริษัทหรือห้างหุ้นส่วนนิติบุคคลซึ่งเป็นผู้ประกอบกิจการโรงแรมสามารถนำค่าเช่าที่อ้างอิงจากรายได้หลังหักค่าใช้จ่ายมาเป็นรายจ่ายในการคำนวณภาษีเงินได้นิติบุคคลได้ไม่เป็นการต้องห้ามตามมาตรา 65 ตรี (19) แห่งประมวลรัษฎากร ใช่หรือไม่ อย่างไร"
0026,หากผู้ถือหุ้นของบริษัท ล ไม่แจ้งข้อมูลรายละเอียดการถือหุ้นให้บริษัท ล ทราบซึ่งอาจทำให้บริษัท ล จัดทำรายงานข้อมูลเกี่ยวกับบริษัทหรือห้างหุ้นส่วนนิติบุคคลที่มีความสัมพันธ์กัน และมูลค่ารวมของธุรกรรมระหว่างกันในแต่ละรอบระยะเวลาบัญชีตามมาตรา 71 ตรี วรรคหนึ่ง แห่งประมวลรัษฎากร ผิดพลาดได้ กรณีเช่นนี้ บริษัท ล จะมีความผิดตามกฎหมายหรือไม่
0027,กรณีบริษัท ก. จดทะเบียนนิติบุคคคล มีรายได้ แต่ไม่ยื่นแบบแสดงรายการเพื่อเสียภาษีเงินได้นิติบุคคล และไม่ปรากฏรอบระยะเวลาบัญชี จะนับรอบระยะเวลาบัญชีอย่างไร และกรณีบริษัท ก. ไม่ยื่นรายการ ซึ่งจำเป็นต้องใช้ในการคำนวณภาษีเงินได้นิติบุคคลภายในระยะเวลาที่กฎหมายกำหนดไว้ เจ้าพนักงานประเมินมีอำนาจประเมินภาษีเงินได้นิติบุคคลของบริษัท ก. อย่างไร
0028,กรณีค่าชุดตรวจ ATK และค่าฉีดวัคซีนป้องกันโรคโควิด-19 ที่บริษัทหรือห้างหุ้นส่วนนิติบุคคลให้เป็นสวัสดิการของพนักงาน ถือเป็นประโยชน์เพิ่มของพนักงานที่ต้องเสียภาษีเงินได้บุคคลธรรมดาตามมาตรา 56 แห่งประมวลรัษฎากรหรือไม่
0029,มีข้อเท็จจริงสรุปได้ว่า สถาบันได้จดทะเบียนภาษีมูลค่าเพิ่ม โดยแจ้งว่าที่อยู่ของสถาบัน ตามใบทะเบียนภาษีมูลค่าเพิ่ม (ภ.พ.20) ได้แสดง ชื่อสถาบัน ตั้งอยู่ชื่ออาคาร เลขที่ (ส่วนแยกตลิ่งชัน) ถนน แขวง เขต จังหวัด แต่ในระบบ ค้นหารายชื่อผู้ประกอบการจดทะเบียนภาษีมูลค่าเพิ่ม (รายชื่อผู้ประกอบการ VAT) ทางเว็บไซต์กรมสรรพากร www.rd.go.th ไม่มีข้อความ (ส่วนแยกตลิ่งชัน) ซึ่งสถาบันได้รับใบกำกับภาษีจากคู่ค้าที่ใช้ข้อมูลที่อยู่ของสถาบันผ่านระบบค้นหารายชื่อดังกล่าว สถาบันสามารถใช้ภาษีซื้อในการคำนวณภาษีมูลค่าเพิ่ม ได้หรือไม่
0030,มหาวิทยาลัยเป็นนิติบุคคลมีฐานะเป็นหน่วยงานในกำกับของรัฐ เป็นผู้ให้บริการทางวิชาการดำเนินการจัดสอบแข่งขันแก่หน่วยงานภาครัฐหลายแห่ง จึงหารือว่า กรณีมหาวิทยาลัยเป็นผู้รับจ้าง และทำสัญญาจ้างกับหน่วยงานภาครัฐ จะได้รับยกเว้นอากรแสตมป์สำหรับสัญญาจ้างดังกล่าวหรือไม่
0031,"ส่วนราชการจ่ายค่าถ่ายเอกสารให้แก่ร้านค้าหรือบุคคลธรรมดาเป็นรายครั้งตามใบสั่งจ้างที่ได้จ้างในแต่ละครั้ง มิได้รวมจ่ายครั้งเดียวภายในเดือน โดยดำเนินการหักภาษีเงินได้ ณ ที่จ่าย ตามมาตรา 50 (4) แห่งประมวลรัษฎากร ดังนี้
  1. ใบสั่งซื้อ/สั่งจ้าง ที่มีราคาตั้งแต่ 10,000 บาท ขึ้นไป หักภาษีเงินได้ ณ ที่จ่าย ในอัตราร้อยละ 1
  2. ใบสั่งซื้อ/สั่งจ้าง ที่มีราคาต่ำกว่า 10,000 บาท ไม่หักภาษีเงินได้ ณ ที่จ่าย จึงสอบถามว่าการปฏิบัติดังกล่าวถูกต้องหรือไม่"
0032,"กรณีหน่วยงานซึ่งมีฐานะเป็นหน่วยงานของรัฐ ที่ไม่เป็นส่วนราชการ ได้รับมอบหมายจากรัฐบาลให้มีหน้าที่สนับสนุนการดำเนินการจัดระเบียบสายสื่อสาร ได้จ่ายเงินสนับสนุนค่าใช้จ่ายในการจัดระเบียบสายสื่อสารให้แก่ผู้รับใบอนุญาต หน่วยงานจึงขอหารือในประเด็น ดังนี้
    1. ภาษีมูลค่าเพิ่ม ผู้รับใบอนุญาตซึ่งเป็นผู้ที่ได้รับเงินสนับสนุนค่าใช้จ่ายดังกล่าว ต้องเรียกเก็บและออกใบกำกับภาษีให้หน่วยงาน หรือไม่ อย่างไร
    2. ภาษีเงินได้หัก ณ ที่จ่าย การจ่ายเงินสนับสนุนค่าใช้จ่ายดังกล่าว หน่วยงานมีหน้าที่ต้องหักภาษีเงินได้ ณ ที่จ่าย อัตราร้อยละ 1 และนำส่งกรมสรรพากรหรือไม่ อย่างไร"
0033,บริษัท ก. ได้นำเข้าโซเดียมไบคาร์บอเนต ฟีดเกรด (SODIUM BICARBONATE FEED GRADE) โดยมีสรรพคุณช่วยรักษาสมดุลของด่างและกรดในร่างกายของสัตว์บกและสัตว์ปีก ช่วยลดความเครียดในปลาโดยการกำจัดสารเป็นพิษออกจากร่างกาย ช่วยลดความเป็นกรดในของเสียซึ่งเกิดจากแบคทีเรียและก่อเชื้อโรค และช่วยลดการติดเชื้อในสัตว์น้ำ ซึ่งกรมปศุสัตว์ได้ออกใบสำคัญการขึ้นทะเบียนอาหารสัตว์ตามกฎหมายว่าด้วยการควบคุมคุณภาพอาหารสัตว์ และบริษัท ก. เป็นผู้รับอนุญาตนำเข้าอาหารสัตว์จากกรมปศุสัตว์ ตามใบอนุญาตนำเข้าอาหารสัตว์ควบคุมเฉพาะ (แบบ บ.น.ส.1) จึงขอหารือว่าการนำเข้าสินค้าดังกล่าวเป็นการนำเข้าเคมีภัณฑ์ที่ใช้สำหรับสัตว์ ซึ่งได้รับยกเว้นภาษีมูลค่าเพิ่ม ตามมาตรา 81 (1) (จ) และมาตรา 81 (2) (ก) แห่งประมวลรัษฎากร หรือไม่
0034,บริษัท ก. นำเข้าสินค้าแคลเซียมไฮโปคลอไรต์ (CALCIUM HYPOCHLORITE) โดยมีวัตถุประสงค์เพื่อจำหน่ายให้กับผู้เลี้ยงสัตว์น้ำ เนื่องจากสินค้าดังกล่าวมีคุณสมบัติเป็นผลิตภัณฑ์ที่ใช้ในทางการประมง และการเพาะเลี้ยงสัตว์น้ำ เพื่อประโยชน์แก่การควบคุม ป้องกัน กำจัด เชื้อจุลินทรีย์ ปรสิต พืช หรือสัตว์อื่น และได้รับการขึ้นทะเบียนเป็นวัตถุอันตราย ตามบัญชีรายชื่อวัตถุอันตราย แนบท้ายประกาศกระทรวงอุตสาหกรรม เรื่อง บัญชีรายชื่อ วัตถุอันตราย พ.ศ. 2556 ลงวันที่ 28 สิงหาคม พ.ศ. 2556 บัญชี 2 ที่กรมประมงรับผิดชอบ (บัญชีรายชื่อฯ) ได้รับยกเว้นภาษีมูลค่าเพิ่มหรือไม่
0035,สถาบันเป็นกิจการของรัฐได้มีโครงการประกวดรางวัลจริยธรรมและจรรยาบรรณดีเด่นเป็นประจำทุกปี สถาบันจึงขอหารือว่า กรณีรางวัลจริยธรรมและจรรยาบรรณดีเด่น และรางวัลในการมีส่วนร่วมสูงสุดในการโหวตรางวัลจริยธรรมและจรรยาบรรณดีเด่นที่พนักงานและหน่วยงานของสถาบันได้รับ ถือเป็นเงินได้ พึงประเมินหรือไม่ หากเป็นเงินได้พึงประเมิน ถือเป็นเงินได้พึงประเมินประเภทใด และสถาบันมีหน้าที่ต้องหักภาษีเงินได้ ณ ที่จ่าย สำหรับเงินรางวัลดังกล่าว หรือไม่ อย่างไร
0036,"บริษัทนำเข้า GELSYS OPC1 เพื่อใช้เป็นวัตถุดิบเพื่อผสมในการผลิตอาหารสัตว์ โดยเป็นสารเพิ่มความข้น สารก่อเจล สารทำให้คงตัว และเติมแต่งเพื่อให้เกิดความข้นในอาหารสัตว์ ทำให้สัตว์เลี้ยงเจริญอาหารและกินอาหารได้มากขึ้น โดยผลิตภัณฑ์ดังกล่าวไม่สามารถใช้ในการบริโภคสำหรับคนได้ และนำเข้าโคลีน คลอไรด์ 60% (Choline Chloride 60%) เพื่อใช้เป็นวัตถุดิบเพื่อผสมในการผลิตอาหารสัตว์ ประเภทวัตถุที่ผสมแล้ว ชนิดสารผสมล่วงหน้า (พรีมิกซ์) โดยมีสรรพคุณใช้เป็นส่วนผสมสำหรับอาหารสัตว์ เพื่อเสริมสร้างสุขภาพของสัตว์ และเพื่อปรับปรุงความสามารถในการป้องกันการเจ็บป่วยของการสะสมของไขมันในตับและไตบริษัทเห็นว่า GELSYS OPC1 ไม่เป็นอาหารสัตว์ที่จะต้องขึ้นทะเบียนอาหารสัตว์ตามพระราชบัญญัติควบคุมคุณภาพอาหารสัตว์ พ.ศ. 2558 แต่ต้องขออนุญาตนำเข้าจากกรมปศุสัตว์ ซึ่งบริษัทเป็นผู้รับใบอนุญาตนำเข้าอาหารสัตว์ตามใบอนุญาตนำเข้าอาหารสัตว์ควบคุมเฉพาะ (แบบ บ.น.ส.1) ส่วนผลิตภัณฑ์โคลีน คลอไรด์ 60% (Choline Chloride 60%) ซึ่งใช้เป็นวัตถุดิบเพื่อผสมในการผลิตอาหารสัตว์ ได้ขึ้นทะเบียนอาหารสัตว์ควบคุมเฉพาะกับกรมปศุสัตว์ ประเภทวัตถุที่ผสมแล้ว ชนิดสารผสมล่วงหน้า (พรีมิกซ์)
  บริษัทจึงขอหารือว่าการนำเข้า GELSYS OPC1 และการนำเข้าผลิตภัณฑ์โคลีน คลอไรด์ 60% (Choline Chloride 60%) ผลิตภัณฑ์ดังกล่าวเข้าลักษณะเป็นอาหารสัตว์ ตามมาตรา 81 (1) (ง) แห่งประมวลรัษฎากร ดังนั้น กรณีบริษัทนำเข้าสินค้าดังกล่าว จึงได้รับยกเว้นภาษีมูลค่าเพิ่ม ตามมาตรา 81 (2) (ก) แห่งประมวลรัษฎากร ถูกต้องหรือไม่"
0037,"บริษัทประกอบกิจการจำหน่ายน้ำมันเชื้อเพลิงและสินค้าภายในสถานีบริการ (สถานีฯ) บริษัทเป็น ผู้ประกอบกิจการขายปลีกน้ำมันเชื้อเพลิง ชำระภาษีมูลค่าเพิ่มจากมิเตอร์หัวจ่าย ตามคำขออนุมัติในแบบคำร้อง ภ.พ.07 ในการจำหน่ายน้ำมันเชื้อเพลิงบางกรณี ลูกค้าจะนำเงินมาชำระราคาล่วงหน้าไว้กับทางสถานีฯ จำนวนหนึ่ง เช่น 5,000 บาท และทางสถานีฯ ก็จะมอบคูปองใช้แทนเงินสด (คูปองฯ) มูลค่าฉบับละ 100 บาท ให้ไปจำนวน 50 ฉบับ ซึ่งลูกค้าจะมอบคูปองฯ ให้ผู้ใดก็ได้เพื่อนำมาใช้เติมน้ำมัน โดยไม่มีกำหนดอายุการใช้คูปองฯ โดยคูปองฯ ใช้ได้เฉพาะการเติมน้ำมันเชื้อเพลิงจากทางสถานีฯ เท่านั้น และใช้ได้ตามมูลค่าคูปองฯ ไม่มีการทอนเงินส่วนต่างในการใช้แต่ละครั้ง การคิดราคาน้ำมันเชื้อเพลิงจะขึ้นอยู่กับราคาขายปลีกในแต่ละวัน คูปองฯ ที่จำหน่ายออกไปแล้วสถานีฯ จะไม่รับคืน หรือไม่สามารถนำมาแลกเปลี่ยนเป็นเงินสดได้
  บริษัทฯ มีความเข้าใจว่า การจำหน่ายคูปองฯ ของสถานีฯ ถือว่าเป็นการรับชำระราคาค่าสินค้าล่วงหน้าซึ่งเกิดจุดความรับผิดทางภาษีมูลค่าเพิ่มแล้ว จึงต้องออกใบกำกับภาษีให้แก่ผู้ชำระราคา นำส่งภาษีขาย และผู้ชำระราคาที่เป็นผู้ประกอบการในระบบภาษีมูลค่าเพิ่มก็สามารถนำไปใช้เป็นภาษีซื้อของตนได้เช่นกัน โดยเมื่อผู้ซื้อนำคูปองฯ มาเติมน้ำมัน สถานีฯ ไม่จำเป็นต้องออกใบกำกับภาษีขายให้แก่ผู้ซื้ออีก หรือการจำหน่ายคูปองดังกล่าวไม่ถือเป็นการรับชำระราคาสินค้าล่วงหน้า แต่เป็นเพียงการแลกเปลี่ยนสิทธิการชำระราคาจากธนบัตรที่ชำระหนี้ได้ตามกฎหมายไปเป็นคูปองฯ ที่ทางสถานีฯ ออกให้แทนเงินสด สถานีฯ จึงไม่ต้องออกใบกำกับภาษีให้แก่ผู้นำเงินมาชำระเพื่อรับคูปองฯ ไปใช้แต่อย่างใด
  บริษัทฯ ขอหารือว่า ความเข้าใจของบริษัทฯ ถูกต้องหรือไม่"
0038,สถาบัน R เป็นหน่วยงานของรัฐที่เป็นนิติบุคคลจัดตั้งขึ้นตามกฎหมายในระดับพระราชบัญญัติ ไม่เป็นส่วนราชการตามกฎหมายว่าด้วยระเบียบบริหารราชการแผ่นดินและไม่เป็นรัฐวิสาหกิจตามกฎหมายว่าด้วยวิธีการงบประมาณหรือกฎหมายอื่น และรายได้ของสถาบันฯ ให้นำเข้าสมทบกองทุนโดยไม่ต้องนำส่งคลังเป็นรายได้แผ่นดิน ประกอบกิจการขายวัสดุอ้างอิงทางเคมีและฟิสิกส์ เครื่องมือสอบเทียบและก๊าซพร้อมท่อ รวมถึงให้บริการสอบเทียบ จัดฝึกอบรม และให้คำปรึกษาแก่ภาครัฐและเอกชน รายได้ของสถาบันฯ ประกอบด้วย รายได้จากเงินงบประมาณ การขายสินค้าและบริการ เงินช่วยเหลือและบริจาค และรายได้อื่น ต่อมา สถาบันฯ ทำสัญญากับผู้ให้ทุนสนับสนุน เพื่อรับทุนสนับสนุนโครงการ (สัญญารับทุน) โดยที่ผู้ให้ทุนมีวัตถุประสงค์จะสนับสนุนและส่งเสริมการวิจัยและนวัตกรรมเพื่อนำผลจากการดำเนินโครงการไปใช้ประโยชน์ในการแก้ไขปัญหาที่สำคัญของผู้ให้ทุน หรือนำไปใช้ในงานพัฒนากิจการของผู้ให้ทุน ซึ่งสัญญารับทุนฯ ดังกล่าวเป็นตราสารที่จะต้องปิดแสตมป์บริบูรณ์ตามอัตราที่กำหนดไว้ในบัญชีอัตราอากรแสตมป์แห่งประมวลรัษฎากร จึงขอหารือว่า กรณีที่สถาบันฯ ซึ่งเป็นหน่วยงานของรัฐที่จัดตั้งตามพระราชบัญญัติฯ และเป็นฝ่ายที่ต้องเสียอากร จะเข้าลักษณะเป็นรัฐบาล เจ้าพนักงานผู้กระทำงานของรัฐโดยหน้าที่ บุคคลผู้กระทำการของรัฐบาล ฯลฯ ซึ่งจะได้รับยกเว้นอากรแสตมป์ตามมาตรา 121 แห่งประมวลรัษฎากรหรือไม่
0039,"นาย ก. เป็นตัวแทนจำหน่ายสินค้าประเภทวัสดุอุปกรณ์ก่อสร้างของบริษัท ข. โดยลูกค้าจะติดต่อนาย ก. ผ่านเพจใน Facebook ซึ่งเมื่อตกลงแบบอาคาร วัสดุที่ใช้ และประเมินราคาเบื้องต้นแล้ว นาย ก. ในฐานะตัวแทนจำหน่ายจะดำเนินการออกแบบอาคารในรูป 3 มิติ เพื่อให้เห็นภาพรวมของอาคาร พร้อมทำใบเสนอราคาค่าก่อสร้างระบุวัสดุอุปกรณ์ที่ใช้และค่าแรงงานส่งให้บริษัท ข. พิจารณา ซึ่งการเป็นตัวแทนจำหน่ายดังกล่าวบริษัท ข. มิได้กำหนดคุณสมบัติหรือเงื่อนไขของผู้สมัครตัวแทนจำหน่ายให้ต้องมีใบประกอบวิชาชีพวิศวกรรม และตัวแทนจำหน่ายอาจว่าจ้างบุคคลอื่นในการออกแบบอาคารในรูป 3 มิติได้
    เมื่อนาย ก. ออกแบบอาคารในรูป 3 มิติแล้ว ลูกค้าจะนำแบบอาคารดังกล่าวไปให้วิศวกรที่ลูกค้าเป็นผู้จัดหาทำการถอดแบบเพื่อทำแบบแปลนที่กำหนดรายละเอียดตามหลักวิศวกรรม เช่น ขนาดของเสาหรือคานที่จะใช้ก่อสร้าง และวิศวกรของลูกค้าจะเป็นผู้ลงลายมือชื่อรับรองแบบในฐานะวิศวกรโครงสร้างเพื่อใช้ขออนุญาตก่อสร้างจากหน่วยงานส่วนท้องถิ่น เมื่อได้รับอนุญาตให้ก่อสร้างแล้วลูกค้าจะแจ้งบริษัท ข. เพื่อทำสัญญาผลิตและติดตั้งอาคารสำเร็จรูป บริษัท ข. จะนำแบบที่ได้รับอนุญาตให้ก่อสร้างแล้วมาแปลงเป็นแบบของชิ้นส่วนสำเร็จรูป เช่น เสา โครงหลังคา เป็นต้น โดยวิศวกรหรือสถาปนิกของบริษัท ข. เป็นผู้ลงลายมือชื่อรับรองแบบดังกล่าว
    บริษัท ข. จะทำสัญญาฯ กับลูกค้าแต่ละรายโดยตรง โดยมีนาย ก. ลงลายมือชื่อในสัญญาในฐานะตัวแทนจำหน่ายเพียงอย่างเดียว และบริษัท ข. จะเป็นผู้ผลิตและติดตั้งอาคารสำเร็จรูปทั้งหมด จัดหาแรงงานและรับผิดชอบหากมีความเสียหายเกิดขึ้น รวมถึงเป็นผู้รับชำระราคาค่าก่อสร้าง แต่ละสัญญาฯ มีการกำหนดชำระเงินและส่งมอบงานแบ่งออกเป็น 5 งวด นาย ก. จะได้รับส่วนแบ่งร้อยละ 7 ถึงร้อยละ 8 ของค่างวดแต่ละงวด เป็นค่าส่งเสริมการขาย โดยบริษัท ข. จะแบ่งจ่ายเมื่อบริษัท ข. ได้รับชำระเงินจากลูกค้าแต่ละงวด ดังนั้น เงินได้ดังกล่าวถือเป็นเงินได้ประเภทใด อย่างไร"
0040,"บริษัทประกอบกิจการโรงพยาบาลสัตว์ให้บริการเป็นสถานรักษาสัตว์ ได้มีการสั่งซื้อยาเพื่อมาใช้รักษาสัตว์ เมื่อบริษัทฯ คิดค่ารักษาสัตว์กับลูกค้า บริษัทฯ ได้แยกค่ายากับค่าบริการรักษาสัตว์ออกจากกัน บริษัทจึงขอหารือว่า
    1. บริษัทจะเรียกเก็บภาษีมูลค่าเพิ่มเฉพาะค่ารักษาสัตว์ แต่จะไม่เรียกเก็บภาษีมูลค่าเพิ่มสำหรับค่ายาที่ใช้รักษาสัตว์ ถูกต้องหรือไม่
    2. ค่าเคมีภัณฑ์ที่ใช้สำหรับการรักษาสัตว์ เช่น น้ำยาล้างแผล แอลกอฮอล์ น้ำเกลือ เป็นต้น บริษัทจะต้องเรียกเก็บภาษีมูลค่าเพิ่มจากลูกค้าหรือไม่
    3. ค่าเวชภัณฑ์ที่ใช้สำหรับรักษาสัตว์ เช่น สำลี สายน้ำเกลือ เข็มและไหมเย็บ เป็นต้น บริษัทจะต้องเรียกเก็บภาษีมูลค่าเพิ่มหรือไม่"
0041,กรณีเงินได้ของผู้ได้รับใบอนุญาตประกอบวิชาชีพวิทยาศาสตร์และเทคโนโลยีควบคุม นอกเหนือไปจากที่กำหนดไว้ตามมาตรา 40 (6) แห่งประมวลรัษฎากร ซึ่งออกใบอนุญาตโดยหน่วยงาน ก. ภายใต้อำนาจตามกฎหมายระดับพระราชบัญญัติ ดังนั้น กรณีผู้ได้รับใบอนุญาตฯ มีบริษัทหรือหน่วยงานสังกัดอยู่ แต่รับทำงานซึ่งอยู่นอกเหนือจากที่บริษัทหรือหน่วยงานมอบหมายค่าตอบแทนนั้น ถือว่าเป็นค่าตอบแทนซึ่งได้มาจากการประกอบวิชาชีพอิสระตามมาตรา 40 (6) แห่งประมวลรัษฎากร ใช่หรือไม่
0042,"หน่วยงาน ก. เป็นส่วนราชการที่เป็นหน่วยงานอิสระมีฐานะเป็นนิติบุคคล มีอำนาจหน้าที่เกี่ยวกับงานธุรการของหน่วยงาน ข. โดยหน่วยงาน ก. ได้ประกาศรับข้อเสนอโครงการวิจัยโดยกำหนดคุณสมบัติผู้ดำเนินการวิจัยประเภทบุคคล ได้แก่ ข้าราชการหน่วยงาน ข. และลูกจ้าง และผู้ดำเนินการวิจัยเป็นหน่วยงานในสังกัดหน่วยงาน ก. ข้อเสนอโครงการวิจัยจะต้องเป็นประโยชน์ต่อหน่วยงาน ข. สามารถนำไปใช้ในการพัฒนาหน่วยงานได้ ต้องได้รับความเห็นชอบจากผู้บังคับบัญชาต้นสังกัด และอยู่ภายใต้การดูแลการปฏิบัติงานของคณะกรรมการกำกับและประเมินผลงานวิจัย ซึ่งผู้ดำเนินการวิจัยจะได้รับค่าใช้จ่าย ในการดำเนินการวิจัยไม่เกิน 200,000 บาทต่อเรื่อง และหากคณะกรรมการบริหารหน่วยงาน ข. ตามระเบียบว่าด้วยการบริหารการวิจัยของหน่วยงาน ข. เห็นชอบให้โครงการวิจัยนั้น เป็นโครงการวิจัยดีเด่นตามระเบียบฯ จะได้รับเงินรางวัลเพิ่มเติมไม่เกิน 100,000 บาทต่อเรื่อง โดยพิจารณาตามความยากของงานวิจัย
    หน่วยงาน ก. ได้บันทึกค่าใช้จ่าย จำนวน 200,000 บาท เป็นค่าตอบแทนเฉพาะงาน ซึ่งเป็นค่าใช้จ่ายด้านบริหารจัดการกิจกรรมจัดทำงานวิจัย ทั้งนี้ ผู้วิจัยเป็นผู้รับผิดชอบค่าใช้จ่าย เช่น ค่าพาหนะในการเดินทาง ค่าใช้จ่ายในการสืบค้นข้อมูล ฯลฯ และค่าใช้จ่าย จำนวน 200,000 บาท ให้เบิกจ่ายในนามผู้ดำเนินการวิจัย
    ดังนั้น ค่าใช้จ่ายดังกล่าว ถือเป็นเงินค่าตอบแทน หรือเป็นเงินทุนสนับสนุนงานวิจัยของข้าราชการผู้ดำเนินการวิจัยหรือไม่ หากเป็น จะถือเป็นเงินได้พึงประเมินประเภทใด จะต้องหักภาษี ณ ที่จ่ายหรือไม่ หรือจะถือเป็นรางวัลเพื่อการศึกษาค้นคว้าในวิทยาการที่ได้รับยกเว้นไม่ต้องรวมคำนวณภาษีเงินได้ ตามมาตรา 42 (11) แห่งประมวลรัษฎากร หรือไม่ อย่างไร และค่างานวิจัยฯ ที่คณะกรรมการวิจัยเห็นว่างานวิจัยดังกล่าวเป็นงานวิจัยดีเด่น ถือเป็นเงินได้พึงประเมินของผู้ดำเนินการวิจัยหรือไม่ หากเป็นจะถือเป็นเงินได้ประเภทใด และจะต้องหักภาษี ณ ที่จ่ายหรือไม่ หรือจะถือเป็นรางวัลเพื่อการศึกษาค้นคว้าในวิทยาการที่ได้รับยกเว้นไม่ต้องรวมคำนวณภาษีเงินได้ ตามมาตรา 42 (11) แห่งประมวลรัษฎากร หรือไม่ อย่างไร"
0043,หน่วยงาน ก. มีฐานะเป็นส่วนราชการในสำนักงาน ข. สำนักงาน ข. โดยหน่วยงาน ก. ได้ดำเนินการประเมินตำแหน่งและวิทยฐานะข้าราชการเพื่อให้มีวิทยฐานะและเลื่อนวิทยฐานะ โดยดำเนินการผ่านระบบประเมิน วิทยฐานะดิจิทัล และในการนี้ หน่วยงาน ก. โอนจ่ายค่าตอบแทนกรรมการผู้อ่าน ตรวจและประเมินผลงาน ทางวิชาการ (กรรมการฯ) ผ่านระบบ KTB Corporate Online เป็นรายครั้งในอัตราตามหลักเกณฑ์ ที่กระทรวงการคลังกำหนด ค่าตอบแทนที่กรรมการฯ ได้รับจากการอ่าน ตรวจและประเมินผลงาน เข้าลักษณะเป็นเงินได้พึงประเมินประเภทใดและได้รับยกเว้นไม่ต้องนำมารวมคำนวณภาษีเงินได้บุคคลธรรมดาหรือไม่
0044,"หน่วยงาน ก. เป็นองค์กรที่ไม่แสวงหากำไร จัดตั้งขึ้นตามพระราชบัญญัติฯ มีวัตถุประสงค์ปฏิบัติการให้บรรลุวัตถุประสงค์ของหน่วยงาน ข. เช่น ส่งเสริมการศึกษา วิจัย ตามข้อบังคับของหน่วยงาน ข. โดยหน่วยงาน ข. มีฐานะเป็นนิติบุคคล ตามพระราชบัญญัติฯ
    หน่วยงาน ก. จึงขอหารือ ดังนี้
    1. หน่วยงาน ก. จะต้องออกใบเสร็จรับเงินอย่างไร
    2. กรณีหน่วยงาน ก. ออกใบเสร็จรับเงินโดยใช้เลขประจำตัวผู้เสียภาษีของหน่วยงาน ข.
        2.1 หน่วยงาน ก. ต้องเสียภาษีแทนหน่วยงาน ข. หรือไม่
        2.2 หน่วยงาน ข. ต้องเสียภาษีมูลค่าเพิ่มหรือไม่"
0045,"บริษัท ก. ได้ยื่นแบบแสดงรายการภาษีเงินได้นิติบุคคล (แบบ ภ.ง.ด.51) ฉบับปกติ เมื่อวันที่ 9 กันยายน 2562 สำหรับรอบระยะเวลาบัญชีตั้งแต่วันที่ 1 มกราคม 2562 ถึงวันที่ 31 ธันวาคม 2562 และได้ชำระภาษีดังกล่าวไว้แล้ว ต่อมาพบว่าบริษัท ก. มีภาษีเงินได้หัก ณ ที่จ่าย ที่ถูกหักไว้ระหว่างเดือนมกราคม 2562 ถึงเดือนมิถุนายน 2562 จำนวนน้อยกว่าที่ได้ใช้เครดิตไปในการยื่นแบบแสดงรายการดังกล่าว ซึ่งเมื่อคำนวณใหม่ให้ถูกต้องแล้ว ทำให้บริษัท ก. ชำระภาษีไว้ขาด รวมทั้งต้องรับผิดเสียเงินเพิ่มตามมาตรา 27 แห่งประมวลรัษฎากร
    ต่อมาเมื่อวันที่ 21 มิถุนายน 2566 บริษัท ก.ได้ยื่นแบบ ภ.ง.ด.51 ฉบับเพิ่มเติม ซึ่งเป็นการยื่นแบบเกินกำหนดเวลาการยื่นแบบ ภ.ง.ด.51 สำหรับรอบระยะเวลาบัญชีปี 2562 โดยได้ปรับปรุงประมาณการกำไรสุทธิลดลง เพื่อให้คำนวณภาษีเงินได้นิติบุคคลแล้วจะได้เท่ากับจำนวนภาษีเงินได้หัก ณ ที่จ่าย ที่ถูกหักไว้จริงรวมกับภาษีที่ชำระไว้แล้วตามแบบ ภ.ง.ด.51 ฉบับปกติ บริษัท ก. จึงไม่มีจำนวนภาษีที่ต้องชำระเพิ่ม
    ดังนั้น กรณีที่บริษัท ก. ได้ยื่นแบบ ภ.ง.ด.51 ฉบับเพิ่มเติม โดยไม่มีภาษีต้องชำระ ซึ่งเป็นการยื่นแบบเกินกำหนดเวลาและได้ยื่นภายหลังการยื่นแบบ ภ.ง.ด.50 จะเป็นเหตุให้บริษัทฯ ไม่ต้องรับผิดเสียเงินเพิ่มตามมาตรา 27 แห่งประมวลรัษฎากร สำหรับแบบ ภ.ง.ด.51 ฉบับปกติ หรือไม่ อย่างไร"
0046,"บริษัทขอหารือเกี่ยวกับภาษีมูลค่าเพิ่ม กรณีบริษัทมีหน้าที่ต้องเสียภาษีมูลค่าเพิ่มตามงวดที่ถึงกำหนดชำระให้แก่กรมสรรพากรโดยยังมิได้รับชำระจากผู้เช่าซื้อมาทยอยหักกับภาษีมูลค่าเพิ่มที่ต้องชำระตามสัญญาปรับปรุงโครงสร้างหนี้ (TDR) ดังนี้
    1. บริษัทประกอบธุรกิจให้บริการทางการเงินครบวงจรสำหรับลูกค้าทุกประเภท รวมถึงธุรกิจให้เช่าซื้อซึ่งเป็นกิจการที่อยู่ในบังคับต้องเสียภาษีมูลค่าเพิ่ม โดยบริษัทมีหน้าที่ต้องเสียภาษีมูลค่าเพิ่มตามงวดที่ถึงกำหนดชำระค่าเช่าซื้อแต่ละงวด แม้จะยังไม่ได้รับชำระค่างวดจากผู้เช่าซื้อก็ตาม รวมถึงมีหน้าที่ออกใบกำกับภาษี (แต่ยังไม่ส่งมอบให้แก่ลูกค้า) และเสียภาษีมูลค่าเพิ่มให้แก่กรมสรรพากร
    2. ผู้เช่าซื้อจำนวนมากไม่สามารถชำระค่าเช่าซื้อตามงวดที่ถึงกำหนดชำระตามสัญญาเช่าซื้อ แต่บริษัทยังคงมีหน้าที่ต้องเสียภาษีมูลค่าเพิ่มตามงวดที่ถึงกำหนดชำระให้กรมสรรพากร ต่อมามีผู้เช่าซื้อหลายรายต้องเข้าทำสัญญาปรับปรุงโครงสร้างหนี้กับบริษัท (สัญญา TDR) เพื่อขอเปลี่ยนแปลงเงื่อนไขการชำระค่าเช่าซื้อ โดยบริษัทจะตกลงผ่อนปรนเงื่อนไขในการชำระค่าเช่าซื้อให้แก่ผู้เช่าซื้อ เช่น นำเงินต้นที่ค้างชำระตามสัญญาเช่าซื้อมาคำนวณดอกเบี้ยใหม่ และเพิ่มจำนวนงวดที่ผู้เช่าซื้อต้องผ่อนชำระเพื่อให้ค่าเช่าซื้อในแต่ละงวดมีจำนวนลดลง เป็นต้น ทั้งนี้ สัญญา TDR ที่บริษัทได้ผ่อนปรนเงื่อนไขในการชำระหนี้ดังกล่าว ยังคงกำหนดให้ข้อความและเงื่อนไขตามสัญญาเช่าซื้อเดิมยังคงมีผลใช้บังคับได้ต่อไป โดยมิได้ยกเลิกสัญญาเช่าซื้อเดิมเพียงแต่เป็นการเปลี่ยนแปลงเงื่อนไขการชำระค่าเช่าซื้อเท่านั้น
    3. บริษัทได้กำหนดแนวปฏิบัติในกรณีผู้เช่าซื้อผิดนัดไม่ชำระค่าเช่าซื้อให้แก่บริษัท โดยบริษัทยังออกใบกำกับภาษีตามงวดที่ถึงกำหนดชำระตามปกติและยื่นแบบแสดงรายภาษีมูลค่าเพิ่ม (ภ.พ.30) ชำระภาษีมูลค่าเพิ่มให้กรมสรรพากรไปก่อนแล้วจะนำภาษีมูลค่าเพิ่มที่ได้เสียให้แก่กรมสรรพากรดังกล่าวมาทยอยหักกับภาษีมูลค่าเพิ่มที่ถึงกำหนดชำระในแต่ละงวดตามสัญญา TDR ในแต่ละกรณีดังนี้ขัดต่อหลักการตามประมวลรัษฎากรหรือไม่
        3.1 กรณีบริษัทนำภาษีมูลค่าเพิ่มที่เสียให้แก่กรมสรรพากรโดยยังมิได้รับชำระจากผู้เช่าซื้อมาทยอยหักกับภาษีมูลค่าเพิ่มที่ถึงกำหนดชำระในแต่ละงวดตามสัญญา TDR โดยเริ่มหักตั้งแต่งวดแรกของสัญญา TDR ต่อเนื่องไปจนกว่าจะครบจำนวนภาษีมูลค่าเพิ่มที่บริษัทชำระให้กรมสรรพากรไปก่อน และส่งมอบใบกำกับภาษีของสัญญาเช่าซื้อซึ่งบริษัทได้ออกไว้แล้วให้แก่ผู้เช่าซื้อเมื่อบริษัทได้รับชำระภาษีมูลค่าเพิ่มครบตามจำนวนที่ระบุในใบกำกับภาษีแต่ละฉบับ สำหรับภาษีมูลค่าเพิ่มส่วนที่เกินกว่าจำนวนภาษีมูลค่าเพิ่มที่บริษัทชำระให้กรมสรรพากรไปก่อนบริษัทจะออกใบกำกับภาษีใหม่และเสียภาษีมูลค่าเพิ่มให้แก่กรมสรรพากรเมื่อถึงกำหนดชำระตามมาตรา 78 (2) แห่งประมวลรัษฎากร
        3.2 กรณีบริษัทนำภาษีมูลค่าเพิ่มที่เสียให้แก่กรมสรรพากรโดยยังมิได้รับชำระจากผู้เช่าซื้อมาทยอยหักกับภาษีมูลค่าเพิ่มที่ถึงกำหนดชำระในแต่ละงวดตามสัญญา TDR โดยเริ่มหักงวดใดงวดหนึ่งของสัญญา TDR ต่อเนื่องไปจนกว่าจะครบกำหนดจำนวนภาษีมูลค่าเพิ่มที่บริษัทชำระให้กรมสรรพากรไปก่อนและส่งมอบใบกำกับภาษีของสัญญาเช่าซื้อซึ่งบริษัทได้ออกไว้แล้วให้แก่ผู้เช่าซื้อเมื่อบริษัทได้รับชำระภาษีมูลค่าเพิ่มครบตามจำนวนที่ระบุในใบกำกับภาษีแต่ละฉบับ สำหรับภาษีมูลค่าเพิ่มส่วนที่เกินกว่าจำนวนภาษีมูลค่าเพิ่มที่บริษัทชำระให้กรมสรรพากรไปก่อนบริษัทจะออกใบกำกับภาษีใหม่และเสียภาษีมูลค่าเพิ่มให้แก่กรมสรรพากรเมื่อถึงกำหนดชำระตามมาตรา 78 (2) แห่งประมวลรัษฎากร
        3.3 กรณีบริษัทนำภาษีมูลค่าเพิ่มที่เสียให้แก่กรมสรรพากรโดยยังมิได้รับชำระจากผู้เช่าซื้อมาทยอยหักกับภาษีมูลค่าเพิ่มที่ถึงกำหนดชำระในแต่ละงวดตามสัญญา TDR โดยเริ่มหักงวดใดงวดหนึ่งของสัญญา TDR ต่อเนื่องไปแต่มิได้นำจำนวนภาษีมูลค่าเพิ่มที่บริษัทชำระให้กรมสรรพากรไปก่อนมาใช้จนครบจำนวน เนื่องจากสัญญา TDR สิ้นสุดก่อนและส่งมอบใบกำกับภาษีของสัญญาเช่าซื้อซึ่งบริษัทได้ออกไว้แล้วให้แก่ผู้เช่าซื้อเมื่อบริษัทได้รับชำระภาษีมูลค่าเพิ่มครบตามจำนวนที่ระบุในใบกำกับภาษีแต่ละฉบับ สำหรับภาษีมูลค่าเพิ่มส่วนที่เกินกว่าจำนวนภาษีมูลค่าเพิ่มที่บริษัทชำระให้กรมสรรพากรไปก่อนบริษัทจะออกใบกำกับภาษีใหม่และเสียภาษีมูลค่าเพิ่มให้แก่กรมสรรพากรเมื่อถึงกำหนดชำระตามมาตรา 78 (2) แห่งประมวลรัษฎากร กรณีจำนวนภาษีมูลค่าเพิ่มที่บริษัทชำระให้กรมสรรพากรไปก่อนที่เหลืออยู่ บริษัทไม่นำมาขอคืนจากกรมสรรพากร และไม่นำมาลงเป็นรายจ่ายในการคำนวณภาษีเงินได้นิติบุคคลของบริษัท"
0047,นาง ก. ประกอบธุรกิจลงทุนในตราสารหนี้ ได้ทำสัญญาจัดการกองทุนส่วนบุคคลแต่งตั้งให้บริษัทหลักทรัพย์จัดการกองทุน (บลจ.) เป็นผู้รับมอบอำนาจและเป็นผู้บริหารกองทุนส่วนบุคคล “นาง ก. โดย บลจ.” ซึ่ง บลจ. ได้ลงทุนด้วยการซื้อตั๋วแลกเงินจากบริษัทผู้ออกตั๋วและระบุชื่อ “นาง ก. โดย บลจ.” เป็นผู้ทรงตั๋วเงิน ทั้งนี้ บลจ. จะคิดค่าธรรมเนียมในการบริหารจากนาง ก. โดยเมื่อตั๋วแลกเงินครบกำหนดชำระหนี้หรือถึงกำหนดชำระเมื่อทวงถาม บริษัทผู้ออกตั๋วจะจ่ายเงินตามมูลค่าตั๋วแลกเงินพร้อมดอกเบี้ยตามอัตราที่กำหนดไว้ให้กับผู้ซื้อตั๋วแลกเงิน และได้หักภาษีเงินได้ ณ ที่จ่าย สำหรับดอกเบี้ยที่จ่ายให้กับกองทุนส่วนบุคคล “นาง ก. โดย บลจ.” ในอัตราร้อยละ 15.0 นาง ก. จึงหารือว่า ดอกเบี้ยที่ได้รับจากการลงทุนในตั๋วแลกเงินดังกล่าวต้องเสียภาษีธุรกิจเฉพาะหรือไม่
0048,หน่วยงาน A หารือเกี่ยวกับภาษีมูลค่าเพิ่ม กรณีบริษัท ก จำกัด (บริษัทฯ) ขายสินค้าให้แก่ลูกค้าที่ได้รับเอกสิทธิ์ทางการทูต ซึ่งได้รับการยกเว้นภาษีในการผ่านพิธีการศุลกากร หน่วยงาน A จึงขอทราบแนวปฏิบัติในการออกเอกสารการเสียภาษีมูลค่าเพิ่มในอัตราร้อยละ 0 แก่ผู้มีเอกสิทธิ์ทางการทูต ซึ่งประสงค์จะซื้อหรือนำเข้าสินค้าจากบริษัทต่าง ๆ เพื่อหน่วยงาน A จะได้ยึด เป็นแนวทางในการดำเนินการต่อไป
0049,"บริษัทหารือว่ากรณีดังต่อไปนี้เข้าลักษณะเป็นบริษัทหรือห้างหุ้นส่วนนิติบุคคลที่มีความสัมพันธ์กันหรือไม่
    1. บริษัท ก. มีผู้ถือหุ้น คือ A ซึ่งถือหุ้นในบริษัท ก. ร้อยละ 15 และมีผู้ถือหุ้นอีกคนหนึ่ง คือ B ซึ่งถือหุ้นในบริษัท ก. ร้อยละ 30 ส่วนบริษัท ข. มีผู้ถือหุ้น 3 บุคคล ได้แก่ A ซึ่งถือหุ้นในบริษัท ข. ร้อยละ 20 B ซึ่งถือหุ้น ในบริษัท ข. ร้อยละ 10 และบริษัท ก. ซึ่งถือหุ้นในบริษัท ข. ร้อยละ 20
    2. บริษัท ก. มีผู้ถือหุ้น คือ A ซึ่งถือหุ้นในบริษัท ก. ร้อยละ 15 และมีผู้ถือหุ้นอีกคนหนึ่ง คือ B ซึ่งถือหุ้นในบริษัท ก. ร้อยละ 35 ส่วนบริษัท ข. มีผู้ถือหุ้น 3 บุคคล ได้แก่ A ซึ่งถือหุ้นในบริษัท ข. ร้อยละ 25 B ซึ่งถือหุ้น ในบริษัท ข. ร้อยละ 25 และบริษัท ก. ซึ่งถือหุ้นในบริษัท ข. ร้อยละ 20"
